{"cameraMode":{"drawMode":0,"name":"Shaded","section":"Shading Mode"},"sceneLighting":true,"audioPlay":false,"sceneViewState":{"showFog":true,"showMaterialUpdate":false,"showSkybox":true,"showFlares":true,"showImageEffects":true,"showParticleSystems":true},"in2DMode":false,"pivot":{"x":0.36236658692359927,"y":16.7987003326416,"z":-0.5103620886802673},"rotation":{"x":-0.5335463881492615,"y":-0.007106997538357973,"z":0.004483744502067566,"w":-0.8457290530204773},"size":2.8578855991363527,"orthographic":false}