{"cameraMode":{"drawMode":0,"name":"Shaded","section":"Shading Mode"},"sceneLighting":true,"audioPlay":false,"sceneViewState":{"showFog":true,"showMaterialUpdate":false,"showSkybox":true,"showFlares":true,"showImageEffects":true,"showParticleSystems":true},"in2DMode":false,"pivot":{"x":-3.432255744934082,"y":41.50424575805664,"z":13.095766067504883},"rotation":{"x":-0.7234503030776978,"y":-0.004766311030834913,"z":0.004994769115000963,"w":-0.6903419494628906},"size":27.093841552734376,"orthographic":false}