{"cameraMode":{"drawMode":0,"name":"Shaded","section":"Shading Mode"},"sceneLighting":true,"audioPlay":false,"sceneViewState":{"showFog":true,"showMaterialUpdate":false,"showSkybox":true,"showFlares":true,"showImageEffects":true,"showParticleSystems":true},"in2DMode":false,"pivot":{"x":832.0596923828125,"y":-437.7589111328125,"z":159.8070068359375},"rotation":{"x":0.06253261864185333,"y":-0.059252917766571048,"z":-0.0037188248243182899,"w":-0.9962755441665649},"size":1543.19091796875,"orthographic":false}