{"cameraMode":{"drawMode":0,"name":"Shaded","section":"Shading Mode"},"sceneLighting":true,"audioPlay":false,"sceneViewState":{"showFog":true,"showMaterialUpdate":false,"showSkybox":true,"showFlares":true,"showImageEffects":true,"showParticleSystems":true},"in2DMode":false,"pivot":{"x":4.154552459716797,"y":0.03726327419281006,"z":7.513352394104004},"rotation":{"x":0.2019316554069519,"y":-0.09532403200864792,"z":0.01975136809051037,"w":0.9745495915412903},"size":1.4125583171844483,"orthographic":false}