{"cameraMode":{"drawMode":0,"name":"Shaded","section":"Shading Mode"},"sceneLighting":true,"audioPlay":false,"sceneViewState":{"showFog":true,"showMaterialUpdate":false,"showSkybox":true,"showFlares":true,"showImageEffects":true,"showParticleSystems":true},"in2DMode":false,"pivot":{"x":-0.7272786498069763,"y":18.259197235107423,"z":-19.908761978149415},"rotation":{"x":0.34975162148475649,"y":-0.004220444709062576,"z":0.0015756406355649233,"w":0.9368317127227783},"size":6.4567365646362309,"orthographic":false}